100,dbbd91f7c138d24a59cf86800e11954a99a28919c40a166696184ba993efcadf
200,dba0d5c0da1ee96f866ac734e80c5b56311b2e4b5a340791bcfc6b2a5225ec52
300,c673ac7509b5510090142803243e7a7e3dc153f8ddd03133d6a7f2e3f913dfb3
400,34569c6bd048c14d5f1bb21120a177f9c5cbdee58c8a71b8eebb995b6116f6e0
500,dd52b1689b849e4cb00fbb04f577f084b4fad5e96c30f0887094acb5ef79f043
600,6883a4fe9e12040d5400e115a02d6553d7dc4be2b019ccb16a4a09506f3b1f94
800,3a5d38c83d4722cb81814cd099f71bd7c11e42c2418a4e92c2dd1349f5078159
900,d2118a3c005ab16cc184c2cbf2b11f66285aad1df5eade4356341c651f47ed14
1000,e217be9dddb1d9bf85a2d9c47c2963b7ced0feb480b0c7977b666de2a64bebf5
1100,c380a336252b0bf4325f1b0434ba7fe08ed7ba8a708a817cdfe5c64a0a473cc2 
1200,22ba7bc17af7ea09f3cb67c903734a9cad5573b8e27b14cc56c31b3721dbe3c8
1300,2cbf3312ab87044c5250c583a7c21bf74f06e18583f696f4a61d8142768e28b1
1400,bee58362dfd539b07429c9b6b8be74e5d36a3b8a2151fde7230a4a9eb324083d
1600,836393d9361ace11fe3c69ea251843e7a00d88d6b1928c668d69b7c6aeeb59dc
1700,84a9e847774b1f048bfc7b96d1f9aaa8c4396c86c669831f573176ef4ce67012
1800,5874927c8b5977eb9e2e812874891c47e3e33453511f6d50eb62c536c73af177
1900,f8382b7d513ede5f3e50240ffadf98856efd4285e0af084a46a7a3cc751cf43f
2000,43454e8c7647bf0a276f7c0a153a45e083318b7d4b1c85b78d933e8f8ab1e2ed
2100,32290ab4d543ebf2aa8206855f7e4c0886ab47fad678502eb7fa2512dea1fce7
2200,164d0109f8c00ff809cbe5e4ed1d8191ef835132f47fa3e888f3709424a477bd
2300,66b7f22ec562ece99de699cb1ab342c519ceec8f16fa3710acfa4ad6e4779926
2400.d747a905534567d0b23edf0d7cf027e6a1ebbedd23688fc7421e3d7238b28b9a
2500,d869d0e719a9d3611256cd50ecf62569554280e8e2498b73ec485a19ac1900d3

